identifier_study	name	superpathway	subpathway	identifier_metabolon	identifier_chemical	retention_index	mass	identifier_cas	identifier_pubchem	identifier_kegg	identifier_hmdb
X57814	(N(1) + N(8))-acetylspermidine	Amino Acid	Polyamine Metabolism	57814	100016038	3080	188.176				
X19130	1,2-dipalmitoyl-GPC (16:0/16:0)	Lipid	Phosphatidylcholine (PC)	19130	100000657	2365	734.569	63-89-8	452110		HMDB00564
X20675	1,5-anhydroglucitol (1,5-AG)	Carbohydrate	Glycolysis, Gluconeogenesis, and Pyruvate Metabolism	20675	100000580	802	163.061	154-58-5	64960	C07326	HMDB02712
X52689	1-(1-enyl-palmitoyl)-2-arachidonoyl-GPC (P-16:0/20:4)*	Lipid	Plasmalogen	52689	100009014	2154	766.575				HMDB11220
X52478	1-(1-enyl-palmitoyl)-2-oleoyl-GPC (P-16:0/18:1)*	Lipid	Plasmalogen	52478	100009007	2443	744.590				
X33228	1-arachidonoyl-GPC (20:4n6)*	Lipid	Lysophospholipid	33228	100001551	1460	544.340			C05208	HMDB10395
X34419	1-linoleoyl-GPC (18:2)	Lipid	Lysophospholipid	34419	100001395	1465	520.340		11988421	C04100	HMDB10386
X30460	1-methylhistidine	Amino Acid	Histidine Metabolism	30460	100001051	2755	170.092	332-80-9	92105	C01152	HMDB00001
X27665	1-methylnicotinamide	Cofactors and Vitamins	Nicotinate and Nicotinamide Metabolism	27665	55	1940	137.071	1005-24-9	10129985	C02918	HMDB00699
X34389	1-methylxanthine	Xenobiotics	Xanthine Metabolism	34389	100001405	1568.8	165.042	6136-37-4	80220	C16358	HMDB10738
X19258	1-myristoyl-2-palmitoyl-GPC (14:0/16:0)	Lipid	Phosphatidylcholine (PC)	19258	100000672	2147	706.538	69525-80-0	129657		HMDB07869
X48258	1-oleoyl-GPC (18:1)	Lipid	Lysophospholipid	48258	100001272	1540	522.355	19420-56-5	16081932		HMDB02815
X52462	1-palmitoyl-2-arachidonoyl-GPC (16:0/20:4n6)	Lipid	Phosphatidylcholine (PC)	52462	100008914	2091	782.569	35418-58-7	10747814		HMDB07982
X52610	1-palmitoyl-2-docosahexaenoyl-GPC (16:0/22:6)	Lipid	Phosphatidylcholine (PC)	52610	100008915	2023	806.569	59403-54-2	6441886		HMDB07991
X42446	1-palmitoyl-2-linoleoyl-GPC (16:0/18:2)	Lipid	Phosphatidylcholine (PC)	42446	1537	2160	758.569	40811-94-7	5287971		HMDB07973
X52461	1-palmitoyl-2-oleoyl-GPC (16:0/18:1)	Lipid	Phosphatidylcholine (PC)	52461	1539	2358	760.585	26853-31-6;26853-31-6	6436017		HMDB07972
X52470	1-palmitoyl-2-palmitoleoyl-GPC (16:0/16:1)*	Lipid	Phosphatidylcholine (PC)	52470	100008984	2160	732.554				HMDB07969
X52616	1-palmitoyl-2-stearoyl-GPC (16:0/18:0)	Lipid	Phosphatidylcholine (PC)	52616	100008921	2653	762.601	59403-51-9			HMDB07970
X33955	1-palmitoyl-GPC (16:0)	Lipid	Lysophospholipid	33955	100001263	1525	496.340	17364-16-8	86554		HMDB10382
X61868	1-ribosyl-imidazoleacetate*	Amino Acid	Histidine Metabolism	61868	100001668	2006	259.093	29605-99-0	5117448	C05131	HMDB02331
X42450	1-stearoyl-2-arachidonoyl-GPC (18:0/20:4)	Lipid	Phosphatidylcholine (PC)	42450	100001869	2300	810.601	35418-59-8	16219824		HMDB08048
X52611	1-stearoyl-2-docosahexaenoyl-GPC (18:0/22:6)	Lipid	Phosphatidylcholine (PC)	52611	100008916	2197	834.601	59403-52-0			HMDB08057
X52452	1-stearoyl-2-linoleoyl-GPC (18:0/18:2)*	Lipid	Phosphatidylcholine (PC)	52452	100008980	2380	786.601				HMDB08039
X52438	1-stearoyl-2-oleoyl-GPC (18:0/18:1)	Lipid	Phosphatidylcholine (PC)	52438	100008904	2644	788.616	56421-10-4			HMDB08038
X33961	1-stearoyl-GPC (18:0)	Lipid	Lysophospholipid	33961	100001271	1606	524.371	19420-57-6	497299		HMDB10384
X52602	2'-deoxyuridine	Nucleotide	Pyrimidine Metabolism, Uracil containing	52602	536	1586	227.067	951-78-0	13712	C00526	HMDB00012
X57554	2'-O-methylcytidine	Nucleotide	Pyrimidine Metabolism, Cytidine containing	57554	100010895	2411	258.109	2140-72-9	150971		
X57547	2,3-dihydroxy-2-methylbutyrate	Amino Acid	Leucine, Isoleucine and Valine Metabolism	57547	100010869	1318	133.051	14868-24-7	301941		HMDB29576
X38276	2,3-dihydroxyisovalerate	Xenobiotics	Food Component/Plant	38276	100002417	1050	133.051	1756-18-9	677	C04039	HMDB12141
X42374	2-aminobutyrate	Amino Acid	Glutathione Metabolism	42374	1128	2059	104.071	1492-24-6	439691	C02261	HMDB00650
X43343	2-aminooctanoate	Lipid	Fatty Acid, Amino	43343	100004227	750	160.133	644-90-6	69522		HMDB00991
X43266	2-aminophenol sulfate	Xenobiotics	Chemical	43266	100004322	1677	188.002		181670		HMDB61116
X36746	2-hydroxy-3-methylvalerate	Amino Acid	Leucine, Isoleucine and Valine Metabolism	36746	100001541	1800	131.071	488-15-3	164623		HMDB00317
X33173	2-hydroxyacetaminophen sulfate*	Xenobiotics	Drug - Analgesics, Anesthetics	33173	100001791	1674	246.008		86290013		
X31934	2-hydroxyadipate	Lipid	Fatty Acid, Dicarboxylate	31934	100001153	3000	161.046	18294-85-4	193530	C02360	HMDB00321
X52281	2-hydroxybutyrate/2-hydroxyisobutyrate	Amino Acid	Glutathione Metabolism	52281	100008928	1258	103.040				
X52294	2-hydroxyglutarate	Lipid	Fatty Acid, Dicarboxylate	52294	100002070	958	166.071	40951-21-1	43	C02630	HMDB00606
X18281	2-hydroxyhippurate (salicylurate)	Xenobiotics	Benzoate Metabolism	18281	1869	2184	194.046	487-54-7	10253	C07588	HMDB00840
X33161	2-methoxyacetaminophen glucuronide*	Xenobiotics	Drug - Analgesics, Anesthetics	33161	100001795	1633	356.099		14367271		
X47031	2-methoxyacetaminophen sulfate*	Xenobiotics	Drug - Analgesics, Anesthetics	47031	100001793	1949	260.023		86290014		
X45095	2-methylbutyrylcarnitine (C5)	Amino Acid	Leucine, Isoleucine and Valine Metabolism	45095	100001509	3050	246.170	31023-25-3	6426901		HMDB00378
X38347	2-oxoadipate	Amino Acid	Lysine Metabolism	38347	92	611.7	159.030	3184-35-8	71	C00322	HMDB00225
X43400	2-piperidinone	Xenobiotics	Food Component/Plant	43400	100004295	1675	100.076	675-20-7	12665		HMDB11749
X32197	3-(4-hydroxyphenyl)lactate	Amino Acid	Tyrosine Metabolism	32197	240	1379	181.051	6482-98-0	9378	C03672	HMDB00755
X45721	3-(N-acetyl-L-cystein-S-yl) acetaminophen	Xenobiotics	Drug - Analgesics, Anesthetics	45721	2048	2094	311.071	52372-86-8	83967		
X31787	3-carboxy-4-methyl-5-propyl-2-furanpropanoate (CMPF)	Lipid	Fatty Acid, Dicarboxylate	31787	100001178	2800	239.093	86879-39-2	123979		HMDB61112
X32397	3-hydroxy-2-ethylpropionate	Amino Acid	Leucine, Isoleucine and Valine Metabolism	32397	100001170	975	117.056	4374-62-3	188979		HMDB00396
X531	3-hydroxy-3-methylglutarate	Lipid	Mevalonate Metabolism	531	112	2850	161.046	503-49-1	1662	C03761	HMDB00355
X62069	3-hydroxyadipate*	Lipid	Fatty Acid, Dicarboxylate	62069	100004396	3131	161.046		151913		HMDB00345
X542	3-hydroxybutyrate (BHBA)	Lipid	Ketone Bodies	542	254	1444	103.040	625-72-9	441	C01089	HMDB00357
X53230	3-hydroxyhexanoate	Lipid	Fatty Acid, Monohydroxy	53230	100006367	1725	131.071	10191-24-9	151492		
X39600	3-hydroxyhippurate	Xenobiotics	Benzoate Metabolism	39600	100002122	1687	194.046	1637-75-8	450268		HMDB06116
X1549	3-hydroxyisobutyrate	Amino Acid	Leucine, Isoleucine and Valine Metabolism	1549	111	1619	103.040	2068-83-9	87	C06001	HMDB00336
X22001	3-hydroxyoctanoate	Lipid	Fatty Acid, Monohydroxy	22001	100000773	3446	159.103	88930-08-9	26613		HMDB01954
X48448	3-hydroxypyridine sulfate	Xenobiotics	Chemical	48448	100006098	1595.5	173.987	1955-23-3			
X62062	3-hydroxystachydrine*	Xenobiotics	Food Component/Plant	62062	100020203	1049	160.097		442640		
X27672	3-indoxyl sulfate	Amino Acid	Tryptophan Metabolism	27672	100000467	2222.2	212.002	2642-37-7	10258		HMDB00682
X44618	3-methoxytyramine sulfate	Amino Acid	Tyrosine Metabolism	44618	100004634	1722	246.044				
X12017	3-methoxytyrosine	Amino Acid	Tyrosine Metabolism	12017	1342	2555	212.092	300-48-1	1670		HMDB01434
X44526	3-methyl-2-oxobutyrate	Amino Acid	Leucine, Isoleucine and Valine Metabolism	44526	100000936	1465	115.040	3715-29-5	49	C00141	HMDB00019
X15676	3-methyl-2-oxovalerate	Amino Acid	Leucine, Isoleucine and Valine Metabolism	15676	100000036	2064.2	129.056	1460-34-0;51829-07-3	47	C00671	HMDB03736
X57747	3-methylglutaconate	Amino Acid	Leucine, Isoleucine and Valine Metabolism	57747	100002458	2700	99.045	5746-90-7	1551553		HMDB00522
X46548	3-methylglutarylcarnitine (2)	Amino Acid	Leucine, Isoleucine and Valine Metabolism	46548	100005850	2687	290.160		128145		HMDB00552
X15677	3-methylhistidine	Amino Acid	Histidine Metabolism	15677	100000042	2670	170.092	368-16-1	64969	C01152	HMDB00479
X32445	3-methylxanthine	Xenobiotics	Xanthine Metabolism	32445	100001108	1700	165.042	1076-22-8	70639	C16357	HMDB01886
X3155	3-ureidopropionate	Nucleotide	Pyrimidine Metabolism, Uracil containing	3155	1053	875	133.061	462-88-4	111	C02642	HMDB00026
X1558	4-acetamidobutanoate	Amino Acid	Polyamine Metabolism	1558	1113	1350	146.081	3025-96-5	18189	C02946	HMDB03681
X12032	4-acetamidophenol	Xenobiotics	Drug - Analgesics, Anesthetics	12032	1383	2173.7	150.056	103-90-2	1983	C06804	HMDB01859
X15736	4-acetamidophenylglucuronide	Xenobiotics	Drug - Analgesics, Anesthetics	15736	100000043	1400	326.088	120595-80-4	83944		HMDB10316
X37475	4-acetaminophen sulfate	Xenobiotics	Drug - Analgesics, Anesthetics	37475	2049	1792	230.013	10066-90-7;32113-41-0	83939	C06804	HMDB59911
X35527	4-hydroxyhippurate	Xenobiotics	Benzoate Metabolism	35527	100001423	1475	194.046	2482-25-9	151012		HMDB13678
X22116	4-methyl-2-oxopentanoate	Amino Acid	Leucine, Isoleucine and Valine Metabolism	22116	100000551	2170	129.056	816-66-0	70	C00233	HMDB00695
X46146	4-methylcatechol sulfate	Xenobiotics	Benzoate Metabolism	46146	100004111	2665	203.002				
X1418	5,6-dihydrothymine	Nucleotide	Pyrimidine Metabolism, Thymine containing	1418	158	1280	129.066	696-04-8	93556	C00906	HMDB00079
X61833	5,6-dihydrouridine	Nucleotide	Pyrimidine Metabolism, Uracil containing	61833	100001425	1119	245.078	1361384	94312		
X34424	5-acetylamino-6-amino-3-methyluracil	Xenobiotics	Xanthine Metabolism	34424	100001403	1710	197.068	1196153-01-1	88299	C16366	HMDB04400
X18319	5-aminovalerate	Amino Acid	Lysine Metabolism	18319	100000454	2220	118.086	660-88-8	138	C00431	HMDB03355
X31938	5-hydroxyhexanoate	Lipid	Fatty Acid, Monohydroxy	31938	100001148	1267	131.071	44843-89-2	170748		HMDB00525
X437	5-hydroxyindoleacetate	Amino Acid	Tryptophan Metabolism	437	71	1510.2	190.051	54-16-0	1826	C05635	HMDB00763
X22119	5-methylcytidine	Nucleotide	Pyrimidine Metabolism, Cytidine containing	22119	100000763	2227	258.109	2140-61-6	92918		HMDB00982
X1419	5-methylthioadenosine (MTA)	Amino Acid	Polyamine Metabolism	1419	212	2752	298.097	2457-80-9	439176	C00170	HMDB01173
X35136	5-methyluridine (ribothymidine)	Nucleotide	Pyrimidine Metabolism, Uracil containing	35136	100001446	1778.1	257.078	1463-10-1	445408		HMDB00884
X1494	5-oxoproline	Amino Acid	Glutathione Metabolism	1494	1021	738.5	128.035	98-79-3	7405	C01879	HMDB00267
X43231	6-oxopiperidine-2-carboxylate	Amino Acid	Lysine Metabolism	43231	100004499	965	142.051	34622-39-4	3014237		HMDB61705
X36776	7-alpha-hydroxy-3-oxo-4-cholestenoate (7-Hoca)	Lipid	Sterol	36776	100001609	5288.1	429.301	115538-85-7	3081085	C17337	HMDB12458
X35114	7-methylguanine	Nucleotide	Purine Metabolism, Guanine containing	35114	100001456	2175	166.072	578-76-7	11361	C02242	HMDB00897
X34390	7-methylxanthine	Xenobiotics	Xanthine Metabolism	34390	100001396	1350	167.056	552-62-5	68374	C16353	HMDB01991
X48569	acesulfame	Xenobiotics	Food Component/Plant	48569	100006203	756	161.987	55589-62-3	36573		HMDB33585
X33963	acetoacetate	Lipid	Ketone Bodies	33963	1218	1062	103.039	578486	96	C00164	HMDB00060
X32198	acetylcarnitine (C2)	Lipid	Fatty Acid Metabolism(Acyl Carnitine)	32198	100000802	2282	204.123	5080-50-2	1	C02571	HMDB00201
X43258	acisoga	Amino Acid	Polyamine Metabolism	43258	100004541	2297	183.114	106692-36-8	129397		
X554	adenine	Nucleotide	Purine Metabolism, Adenine containing	554	880	2221	136.062	73-24-5	190	C00147	HMDB00034
X2831	adenosine 3',5'-cyclic monophosphate (cAMP)	Nucleotide	Purine Metabolism, Adenine containing	2831	207	1952.2	328.045	60-92-4	6076	C00575	HMDB00058
X1126	alanine	Amino Acid	Alanine and Aspartate Metabolism	1126	811	1700	90.055	56-41-7	5950	C00041	HMDB00161
X1107	allantoin	Nucleotide	Purine Metabolism, (Hypo)Xanthine/Inosine containing	1107	1002	1672	157.037	97-59-6	204	C02350	HMDB00462
X22132	alpha-hydroxyisocaproate	Amino Acid	Leucine, Isoleucine and Valine Metabolism	22132	100000706	1840	131.071	10303-64-7	83697	C03264	HMDB00746
X33937	alpha-hydroxyisovalerate	Amino Acid	Leucine, Isoleucine and Valine Metabolism	33937	100001300	1126	117.056	600-37-3	99823		HMDB00407
X62101	alpha-ketoglutaramate**	Amino Acid	Glutamate Metabolism	62101	100002397	1916	144.030	18465-19-5			
X528	alpha-ketoglutarate	Energy	TCA Cycle	528	93	2700	145.014	305-72-6;328-50-7;22202-68-2	51	C00026	HMDB00208
X1561	alpha-tocopherol	Cofactors and Vitamins	Tocopherol Metabolism	1561	1105	2522	430.378	59-02-9;10191-41-0	14985	C02477	HMDB01893
X37202	androstenediol (3beta,17beta) disulfate (1)	Lipid	Androgenic Steroids	37202	100001992	3740	224.062		87120982	C04295	HMDB03818
X575	arabinose	Carbohydrate	Pentose Metabolism	575	828	1804.5	195.051	28697-53-2	66308	C00216	HMDB00646
X48885	arabitol/xylitol	Carbohydrate	Pentose Metabolism	48885	100006430	1932.4	151.061		6912	C01904	
X48255	arabonate/xylonate	Carbohydrate	Pentose Metabolism	48255	100006115	2700	165.041				
X1110	arachidonate (20:4n6)	Lipid	Polyunsaturated Fatty Acid (n3 and n6)	1110	229	5535	303.233	506-32-1	444899	C00219	HMDB01043
X57461	argininate*	Amino Acid	Urea cycle; Arginine and Proline Metabolism	57461	100002769	2150	176.103	157-07-3	160437		HMDB03148
X1638	arginine	Amino Acid	Urea cycle; Arginine and Proline Metabolism	1638	231	2825	175.119	1119-34-2	232	C00062	HMDB00517
X15497	argininosuccinate	Amino Acid	Urea cycle; Arginine and Proline Metabolism	15497	232	2745	291.130	156637-58-0	828	C03406	HMDB00052
X32354	ascorbate (Vitamin C)	Cofactors and Vitamins	Ascorbate and Aldarate Metabolism	32354	233	770	177.039	134-03-2		C00072	HMDB00044
X512	asparagine	Amino Acid	Alanine and Aspartate Metabolism	512	917	1225	133.061	70-47-3	6267	C00152	HMDB00168
X38658	atenolol	Xenobiotics	Drug - Cardiovascular	38658	100002726	2668	267.170	29122-68-7	2249	D00235	HMDB01924
X48492	behenoyl sphingomyelin (d18:1/22:0)*	Lipid	Sphingolipid Metabolism	48492	100006294	3083	787.669				HMDB12103
X15778	benzoate	Xenobiotics	Benzoate Metabolism	15778	100000008	1750	121.030	65-85-0	243	C00180	HMDB01870
X39678	benzoylecgonine	Xenobiotics	Drug - Analgesics, Anesthetics	39678	100002928	3061	290.139	519-09-5	442997	C10847	HMDB41836
X55	beta-alanine	Nucleotide	Pyrimidine Metabolism, Uracil containing	55	244	1905	90.055	56-41-7;107-95-9	239	C00099	HMDB00056
X54923	beta-citrylglutamate	Amino Acid	Glutamate Metabolism	54923	100003271	530	320.062	73590-26-8	72715786	C20775	
X12129	beta-hydroxyisovalerate	Amino Acid	Leucine, Isoleucine and Valine Metabolism	12129	1442	1027	117.056	625-08-1	69362		HMDB00754
X3141	betaine	Amino Acid	Glycine, Serine and Threonine Metabolism	3141	799	1064	118.086	107-43-7	247	C00719	HMDB00043
X38100	betonicine	Xenobiotics	Food Component/Plant	38100	100002153	1012	160.097	515-25-3	164642	C08269	HMDB29412
X43807	bilirubin (Z,Z)	Cofactors and Vitamins	Hemoglobin and Porphyrin Metabolism	43807	1090	1840	585.271	635-65-4	5280352	C00486	HMDB00054
X48782	C-glycosyltryptophan	Amino Acid	Tryptophan Metabolism	48782	100006379	2700	367.150	180509-18-6	10981970		
X569	caffeine	Xenobiotics	Xanthine Metabolism	569	849	2106	195.088	58-08-2	2519	C07481	HMDB01847
X37033	carbamazepine	Xenobiotics	Drug - Neurological	37033	100001933	880	237.102	298-46-4	2554	D00252	HMDB14704
X37020	carbamazepine 10,11-epoxide*	Xenobiotics	Drug - Neurological	37020	100002321	3020	253.097	36507-30-9	2555	C07496	HMDB60658
X40007	carboxyethyl-GABA	Amino Acid	Glutamate Metabolism	40007	100003260	2085	176.092	908055	2572		HMDB02201
X43333	carboxyibuprofen	Xenobiotics	Drug - Analgesics, Anesthetics	43333	100004171	1920	235.098	15935-54-3	10444113		HMDB60564
X15500	carnitine	Lipid	Carnitine Metabolism	15500	100000007	1978	162.113	461-05-2	10917	C00318	HMDB00062
X35320	catechol sulfate	Xenobiotics	Benzoate Metabolism	35320	100001605	1906	188.986	4918-96-1	3083879		HMDB59724
X1563	chenodeoxycholate	Lipid	Primary Bile Acid Metabolism	1563	1123	5264	391.285	474-24-9;474-25-9	10133	C02528	HMDB00518
X37112	chiro-inositol	Lipid	Inositol Metabolism	37112	100001859	3191.2	225.062	643-12-9		C19891	HMDB34220
X63	cholesterol	Lipid	Sterol	63	266	2707	369.352	57-88-5	11025495	C00187	HMDB00067
X15506	choline	Lipid	Phospholipid Metabolism	15506	1256	1961	104.107	67-48-1	305	C00114	HMDB00097
X34396	choline phosphate	Lipid	Phospholipid Metabolism	34396	267	700	184.073	72556-74-2	1014	C00588	HMDB01565
X22158	citramalate	Amino Acid	Glutamate Metabolism	22158	100000998	1224	166.071	1583974	1081	C00815	HMDB00426
X1564	citrate	Energy	TCA Cycle	1564	1124	582	191.020	77-92-9	311	C00158	HMDB00094
X2132	citrulline	Amino Acid	Urea cycle; Arginine and Proline Metabolism	2132	391	1520	176.103	372-75-8	9750	C00327	HMDB00904
X1712	cortisol	Lipid	Corticosteroids	1712	356	4710	361.202	50-23-7	5754	C00735	HMDB00063
X1769	cortisone	Lipid	Corticosteroids	1769	273	4575	359.186	53-06-5	222786	C00762	HMDB02802
X553	cotinine	Xenobiotics	Tobacco Metabolite	553	848	2213	177.102	486-56-6	854019		HMDB01046
X27718	creatine	Amino Acid	Creatine Metabolism	27718	1221	1947	132.077	57-00-1	586	C00300	HMDB00064
X513	creatinine	Amino Acid	Creatine Metabolism	513	275	2055	114.066	60-27-5	588	C00791	HMDB00562
X18368	cys-gly, oxidized	Amino Acid	Glutathione Metabolism	18368	1224	925	353.060	7729-20-6	333293		
X1868	cysteine	Amino Acid	Methionine, Cysteine, SAM and Taurine Metabolism	1868	800	1488	122.027	52-90-4;56-89-3	5862	C00097	HMDB00574
X35637	cysteinylglycine	Amino Acid	Glutathione Metabolism	35637	278	2132	179.049	19246-18-5	439498	C01419	HMDB00078
X62103	cysteinylglycine disulfide*	Amino Acid	Glutathione Metabolism	62103	100002466	2547	298.053	70555-24-7			HMDB00709
X514	cytidine	Nucleotide	Pyrimidine Metabolism, Cytidine containing	514	827	2124	244.093	65-46-3	6175	C00475	HMDB00089
X36747	deoxycarnitine	Lipid	Carnitine Metabolism	36747	100001662	2052	146.118	6249-56-5	134	C01181	HMDB01161
X1114	deoxycholate	Lipid	Secondary Bile Acid Metabolism	1114	302	5294	391.285	83-44-3	222528	C04483	HMDB00626
X46106	desmethylnaproxen sulfate	Xenobiotics	Drug - Analgesics, Anesthetics	46106	100001788	2250	295.028		184679		
X40700	diglycerol	Xenobiotics	Chemical	40700	100003700	818	167.091	627-82-7	42953		
X43424	dimethyl sulfone	Xenobiotics	Chemical	43424	100004284	832	95.016	67-71-0	6213	C11142	HMDB04983
X36808	dimethylarginine (SDMA + ADMA)	Amino Acid	Urea cycle; Arginine and Proline Metabolism	36808	100001810	2850	203.150	102783-24-4	123831	C03626	HMDB01539
X5086	dimethylglycine	Amino Acid	Glycine, Serine and Threonine Metabolism	5086	806	1104	104.071	1118-68-9	673	C01026	HMDB00092
X42978	dimethylmalonic acid	Lipid	Fatty Acid, Dicarboxylate	42978	100004251	2702	131.035	595-46-0	11686		HMDB02001
X44675	docosahexaenoate (DHA; 22:6n3)	Lipid	Polyunsaturated Fatty Acid (n3 and n6)	44675	100000665	5525	327.233	6217-54-5	445580	C06429	HMDB02183
X48407	dopamine 3-O-sulfate	Amino Acid	Tyrosine Metabolism	48407	100006361	1556.2	232.029		122136	C13690	HMDB06275
X37459	ergothioneine	Xenobiotics	Food Component/Plant	37459	100002154	850	230.096	58511-63-0	3032311	C05570	HMDB03045
X20699	erythritol	Xenobiotics	Food Component/Plant	20699	100000846	1491	167.056	149-32-6	222285	C00503	HMDB02994
X42420	erythronate*	Carbohydrate	Aminosugar Metabolism	42420	100001320	2186	135.030	88759-55-1	2781043		HMDB00613
X39603	ethyl glucuronide	Xenobiotics	Chemical	39603	100002849	793	221.067	17685-04-0	152226		HMDB10325
X15765	ethylmalonate	Amino Acid	Leucine, Isoleucine and Valine Metabolism	15765	2054	2785	131.035	601-75-2	11756		HMDB00622
X57707	fluconazole	Xenobiotics	Drug - Antibiotic	57707	100015972	836	351.102	86386-73-4	3365	D00322	HMDB14342
X48195	fructose	Carbohydrate	Fructose, Mannose and Galactose Metabolism	48195	878	2065	225.062	57-48-7	5984	C00095	HMDB00660
X38686	gabapentin	Xenobiotics	Drug - Neurological	38686	100002806	3123	172.133	60142-96-3	3446	D00332	HMDB05015
X27719	galactonate	Carbohydrate	Fructose, Mannose and Galactose Metabolism	27719	100001026	3085	195.051	299-28-5	128869	C00880	HMDB00565
X57345	galactosylglycerol*	Lipid	Glycolipid Metabolism	57345	100003064	795	253.093	16232-91-0	16048618	C05401	HMDB06790
X55015	gamma-glutamyl-alpha-lysine	Peptide	Gamma-glutamyl Amino Acid	55015	100010901	2784	276.155		65254		
X2730	gamma-glutamylglutamine	Peptide	Gamma-glutamyl Amino Acid	2730	1140	1430	276.119	10148-81-9	150914	C05283	HMDB11738
X18245	gamma-glutamylhistidine	Peptide	Gamma-glutamyl Amino Acid	18245	1235	2740	285.119	37460-15-4	7017195		
X18369	gamma-glutamylleucine	Peptide	Gamma-glutamyl Amino Acid	18369	1268	1685	259.130	2566-39-4	151023		HMDB11171
X33422	gamma-glutamylphenylalanine	Peptide	Gamma-glutamyl Amino Acid	33422	100000491	1825	293.114	7432-24-8	111299		HMDB00594
X33364	gamma-glutamylthreonine	Peptide	Gamma-glutamyl Amino Acid	33364	100001314	1750	249.108	5652-48-2	76078708		HMDB29159
X43829	gamma-glutamylvaline	Peptide	Gamma-glutamyl Amino Acid	43829	100001126	2700	247.129	2746-34-1	7015683		HMDB11172
X587	gluconate	Xenobiotics	Food Component/Plant	587	338	2922	195.051	527-07-1	10690	C00257	HMDB00625
X48152	glucose	Carbohydrate	Glycolysis, Gluconeogenesis, and Pyruvate Metabolism	48152	572	2342	225.062	50-99-7	79025	C00031	HMDB00122
X15443	glucuronate	Carbohydrate	Aminosugar Metabolism	15443	100000257	3233.3	193.035	207300-70-7	444791	C00191	HMDB00127
X57	glutamate	Amino Acid	Glutamate Metabolism	57	561	1500	148.060	56-86-0	611	C00025	HMDB00148
X53	glutamine	Amino Acid	Glutamate Metabolism	53	563	1291	147.076	56-85-9	5961	C00064	HMDB00641
X396	glutarate (C5-DC)	Lipid	Fatty Acid, Dicarboxylate	396	339	2900	131.035	110-94-1	743	C00489	HMDB00661
X44664	glutarylcarnitine (C5-DC)	Amino Acid	Lysine Metabolism	44664	100001593	2393	276.144	102636-82-8	71464488		HMDB13130
X1572	glycerate	Carbohydrate	Glycolysis, Gluconeogenesis, and Pyruvate Metabolism	1572	1052	2070.4	105.019	600-19-1	752	C00258	HMDB00139
X15122	glycerol	Lipid	Glycerolipid Metabolism	15122	1254	758	91.040	56-81-5	753	C00116	HMDB00131
X43847	glycerol 3-phosphate	Lipid	Glycerolipid Metabolism	43847	100000258	613.2	171.006	29849-82-9	754	C00093	HMDB00126
X52307	glycerophosphoinositol*	Lipid	Phospholipid Metabolism	52307	100001621	630	333.059	16824-65-0	167572		
X15990	glycerophosphorylcholine (GPC)	Lipid	Phospholipid Metabolism	15990	100000269	672	258.110	28319-77-9	71920	C00670	HMDB00086
X58	glycine	Amino Acid	Glycine, Serine and Threonine Metabolism	58	340	1375	76.039	56-40-6	750	C00037	HMDB00123
X46111	guaiacol sulfate	Xenobiotics	Benzoate Metabolism	46111	100004208	2344	203.002		22473		HMDB60013
X1573	guanosine	Nucleotide	Purine Metabolism, Guanine containing	1573	1099	1728	284.099	118-00-3	6802	C00387	HMDB00133
X46957	gulonate*	Cofactors and Vitamins	Ascorbate and Aldarate Metabolism	46957	100001586	2750	195.051	20246-53-1	9794176	C00257	HMDB03290
X21248	HEPES	Xenobiotics	Chemical	21248	100000843	1627	239.106	7365-45-9	23831		
X15753	hippurate	Xenobiotics	Benzoate Metabolism	15753	100000014	2106.9	178.051	495-69-2	464	C01586	HMDB00714
X59	histidine	Amino Acid	Histidine Metabolism	59	355	755.9	154.062	5934-29-2	6274	C00135	HMDB00177
X22137	homoarginine	Amino Acid	Urea cycle; Arginine and Proline Metabolism	22137	100000961	2882	189.135	156-86-5	9085	C01924	HMDB00670
X1633	homocarnosine	Amino Acid	Histidine Metabolism	1633	41	2960	241.130	3650-73-5	10243361	C00884	HMDB00745
X33009	homostachydrine*	Xenobiotics	Food Component/Plant	33009	100001550	1750	158.118	1195-94-4	441447	C08283	HMDB33433
X1101	homovanillate (HVA)	Amino Acid	Tyrosine Metabolism	1101	117	1649	181.051	306-08-1	1738	C05582	HMDB00118
X62277	hydroxy-CMPF*	Xenobiotics	Chemical	62277	100019794	1516	255.087				
X62060	hydroxyasparagine**	Amino Acid	Alanine and Aspartate Metabolism	62060	100020205	1149	149.056		97663	C03124	HMDB32332
X32882	hydroxybupropion	Xenobiotics	Drug - Psychoactive	32882	100001309	750	256.110		446		HMDB12235
X3127	hypoxanthine	Nucleotide	Purine Metabolism, (Hypo)Xanthine/Inosine containing	3127	171	1295	137.046	68-94-0	790	C00262	HMDB00157
X27513	indoleacetate	Amino Acid	Tryptophan Metabolism	27513	100001034	2850	176.071	6505-45-9	802	C00954	HMDB00197
X1123	inosine	Nucleotide	Purine Metabolism, (Hypo)Xanthine/Inosine containing	1123	361	1269	269.088	58-63-9	6021	C00294	HMDB00195
X33441	isobutyrylcarnitine (C4)	Amino Acid	Leucine, Isoleucine and Valine Metabolism	33441	100001055	2810	232.154	25518-49-4	168379		HMDB00736
X12110	isocitrate	Energy	TCA Cycle	12110	1206	773	210.061	20226-99-7	1198	C00311	HMDB00193
X1125	isoleucine	Amino Acid	Leucine, Isoleucine and Valine Metabolism	1125	376	2800	132.102	73-32-5	6306	C00407	HMDB00172
X44656	isovalerate (i5:0)	Amino Acid	Leucine, Isoleucine and Valine Metabolism	44656	100000708	1564	101.061	503-74-2	10430	C08262	HMDB00718
X34407	isovalerylcarnitine (C5)	Amino Acid	Leucine, Isoleucine and Valine Metabolism	34407	100001393	3085	246.170	31023-24-2	6426851		HMDB00688
X1417	kynurenate	Amino Acid	Tryptophan Metabolism	1417	98	2224	188.035	492-27-3	3845	C01717	HMDB00715
X15140	kynurenine	Amino Acid	Tryptophan Metabolism	15140	100000265	2739	209.092	2922-83-0	161166	C00328	HMDB00684
X527	lactate	Carbohydrate	Glycolysis, Gluconeogenesis, and Pyruvate Metabolism	527	482	681.6	89.024	79-33-4	612	C00186	HMDB00190
X54762	lamotrigine	Xenobiotics	Drug - Neurological	54762	100009390	3379	256.015		3878	D00354	HMDB14695,HMDB05043
X60	leucine	Amino Acid	Leucine, Isoleucine and Valine Metabolism	60	397	2864	132.102	61-90-5	6106	C00123	HMDB00687
X57641	levetiracetam	Xenobiotics	Drug - Neurological	57641	100015873	1925	171.113	102767-28-2	5284583	D00709,C07841	
X35661	lidocaine	Xenobiotics	Drug - Analgesics, Anesthetics	35661	100001538	746	235.181	137-58-6	3676	D00358	HMDB14426
X1301	lysine	Amino Acid	Lysine Metabolism	1301	407	2850	147.113	56-87-1	5962	C00047	HMDB00182
X1303	malate	Energy	TCA Cycle	1303	409	615.6	133.014	6915-15-7	525	C00149	HMDB00156
X20676	maleate	Lipid	Fatty Acid, Dicarboxylate	20676	100000707	2640	115.004	110-16-7	444266	C01384	HMDB00176
X46142	mannitol/sorbitol	Carbohydrate	Fructose, Mannose and Galactose Metabolism	46142	100001740	2320	181.072		5780	C00794	HMDB00247
X48153	mannose	Carbohydrate	Fructose, Mannose and Galactose Metabolism	48153	803	2200	225.062	3458-28-4	18950	C00159	HMDB00169
X38306	metformin	Xenobiotics	Drug - Metabolic	38306	100002405	2817	130.109	1115-70-4	4091	C07151	HMDB01921
X1302	methionine	Amino Acid	Methionine, Cysteine, SAM and Taurine Metabolism	1302	415	2526	150.058	63-68-3	6137	C00073	HMDB00696
X44878	methionine sulfone	Amino Acid	Methionine, Cysteine, SAM and Taurine Metabolism	44878	100004635	1250	182.048	820-10-0	69961		
X18374	methionine sulfoxide	Amino Acid	Methionine, Cysteine, SAM and Taurine Metabolism	18374	100000039	1272	166.053	3226-65-1	158980	C02989	HMDB02005
X46144	methyl glucopyranoside (alpha + beta)	Xenobiotics	Food Component/Plant	46144	100005864	832	212.113				
X1496	methylmalonate (MMA)	Lipid	Fatty Acid Metabolism (also BCAA Metabolism)	1496	418	3078.4	117.019	516-05-2	487	C02170	HMDB00202
X15745	methylsuccinate	Amino Acid	Leucine, Isoleucine and Valine Metabolism	15745	2051	2800	131.035	498-21-5	10349		HMDB01844
X53031	methylsuccinoylcarnitine	Amino Acid	Leucine, Isoleucine and Valine Metabolism	53031	100009275	2589	276.144				
X18037	metoprolol	Xenobiotics	Drug - Cardiovascular	18037	2028	760	268.191	56392-17-7	4171	D02358	HMDB01932
X34109	metoprolol acid metabolite*	Xenobiotics	Drug - Cardiovascular	34109	100001385	2950	268.154	56392-14-4	62936		
X1124	myo-inositol	Lipid	Inositol Metabolism	1124	363	3506.3	225.062	87-89-8	892	C00137	HMDB00211
X48680	N-acetyl sulfapyridine	Xenobiotics	Drug - Antibiotic	48680	100006229	2815	290.061	19077-98-6	58638		
X43256	N-acetyl-3-methylhistidine*	Amino Acid	Histidine Metabolism	43256	100002204	2056	212.103	37841-04-6	193270		
X35665	N-acetyl-aspartyl-glutamate (NAAG)	Amino Acid	Glutamate Metabolism	35665	100001612	1035	305.098	3106-85-2	5255	C12270	HMDB01067
X37432	N-acetyl-beta-alanine	Nucleotide	Pyrimidine Metabolism, Uracil containing	37432	100002102	773	130.051	3025-95-4	76406	C01073	
X62309	N-acetyl-isoputreanine*	Amino Acid	Polyamine Metabolism	62309	100020487	2305	203.139				
X1585	N-acetylalanine	Amino Acid	Alanine and Aspartate Metabolism	1585	1110	861.2	130.051	97-69-8	88064	C02847	HMDB00766
X33953	N-acetylarginine	Amino Acid	Urea cycle; Arginine and Proline Metabolism	33953	100001266	2245	217.130	155-84-0	67427	C02562	HMDB04620
X33942	N-acetylasparagine	Amino Acid	Alanine and Aspartate Metabolism	33942	100001257	785	175.071	4033-40-3	99715		HMDB06028
X22185	N-acetylaspartate (NAA)	Amino Acid	Alanine and Aspartate Metabolism	22185	100000787	880	176.055	997-55-7;997-55-7	65065	C01042	HMDB00812
X46539	N-acetylglucosamine/N-acetylgalactosamine	Carbohydrate	Aminosugar Metabolism	46539	100006435	715	222.097		24139		HMDB00215
X15720	N-acetylglutamate	Amino Acid	Glutamate Metabolism	15720	100000282	1050	190.071	1430871	70914	C00624	HMDB01138
X33943	N-acetylglutamine	Amino Acid	Glutamate Metabolism	33943	100001253	845	189.087	2490-97-3	182230	C02716	HMDB06029
X27710	N-acetylglycine	Amino Acid	Glycine, Serine and Threonine Metabolism	27710	100001006	826	118.050	543-24-8	10972		HMDB00532
X33946	N-acetylhistidine	Amino Acid	Histidine Metabolism	33946	100001293	2088	196.073	39145-52-3	75619	C02997	HMDB32055
X33967	N-acetylisoleucine	Amino Acid	Leucine, Isoleucine and Valine Metabolism	33967	100001276	2325	172.098	3077-46-1	2802421		HMDB61684
X1587	N-acetylleucine	Amino Acid	Leucine, Isoleucine and Valine Metabolism	1587	1082	2400	172.098	1188-21-2	70912	C02710	HMDB11756
X1589	N-acetylmethionine	Amino Acid	Methionine, Cysteine, SAM and Taurine Metabolism	1589	1083	1787	190.054	65-82-7	448580	C02712	HMDB11745
X32377	N-acetylneuraminate	Carbohydrate	Aminosugar Metabolism	32377	1162	3072.6	308.099	131-48-6	439197	C00270	HMDB00230
X33950	N-acetylphenylalanine	Amino Acid	Phenylalanine Metabolism	33950	100001256	2597	206.082	2018-61-3	74839	C03519	HMDB00512
X37496	N-acetylputrescine	Amino Acid	Polyamine Metabolism	37496	192	2230	131.118	18233-70-0	122356	C02714	HMDB02064
X37076	N-acetylserine	Amino Acid	Glycine, Serine and Threonine Metabolism	37076	100001851	2000	146.046	97-14-3	65249		HMDB02931
X48187	N-acetyltaurine	Amino Acid	Methionine, Cysteine, SAM and Taurine Metabolism	48187	100005466	800	166.018		159864		
X33939	N-acetylthreonine	Amino Acid	Glycine, Serine and Threonine Metabolism	33939	100001274	821.6	160.062	17093-74-2	152204		
X1591	N-acetylvaline	Amino Acid	Leucine, Isoleucine and Valine Metabolism	1591	1084	1704	158.082	96-81-1	66789		HMDB11757
X43249	N-delta-acetylornithine	Amino Acid	Urea cycle; Arginine and Proline Metabolism	43249	100004523	858	173.093		9920500		
X33080	N-ethylglycinexylidide	Xenobiotics	Drug - Analgesics, Anesthetics	33080	100001539	3209	207.149	7728-40-7	24415	C16561	HMDB60656
X43549	N-formylanthranilic acid	Amino Acid	Tryptophan Metabolism	43549	100004561	900	164.035	3342-77-6	101399	C05653	HMDB04089
X2829	N-formylmethionine	Amino Acid	Methionine, Cysteine, SAM and Taurine Metabolism	2829	194	1543.8	176.039	4289-98-9	439750	C03145	HMDB01015
X57687	N-trimethyl 5-aminovalerate	Amino Acid	Lysine Metabolism	57687	100015962	2186	160.133				
X40469	N1-Methyl-2-pyridone-5-carboxamide	Cofactors and Vitamins	Nicotinate and Nicotinamide Metabolism	40469	100001468	1668	151.051	701-44-0	69698	C05842	HMDB04193
X15650	N1-methyladenosine	Nucleotide	Purine Metabolism, Adenine containing	15650	1242	2120	282.120	15763-06-1	27476	C02494	HMDB03331
X48351	N1-methylinosine	Nucleotide	Purine Metabolism, (Hypo)Xanthine/Inosine containing	48351	100001409	1430	283.104	20245-33-4	65095		HMDB02721
X35137	N2,N2-dimethylguanosine	Nucleotide	Purine Metabolism, Guanine containing	35137	100001412	2210	312.130	2140-67-2	92919		HMDB04824
X1498	N6,N6,N6-trimethyllysine	Amino Acid	Lysine Metabolism	1498	189	2825	189.160	23284-33-5	440120	C03793	HMDB01325
X35157	N6-carbamoylthreonyladenosine	Nucleotide	Purine Metabolism, Adenine containing	35157	100001415	2008	413.142	24719-82-2	161466		HMDB41623
X48130	N6-succinyladenosine	Nucleotide	Purine Metabolism, Adenine containing	48130	100001664	940	382.100	4542-23-8	165243		HMDB00912
X12122	naproxen	Xenobiotics	Drug - Analgesics, Anesthetics	12122	1384	4155	229.087	22204-53-1	156391	C01517	HMDB01923
X594	nicotinamide	Cofactors and Vitamins	Nicotinate and Nicotinamide Metabolism	594	432	1942	123.055	98-92-0	936	C00153	HMDB01406
X33013	nicotinamide riboside	Cofactors and Vitamins	Nicotinate and Nicotinamide Metabolism	33013	100001310	2040	255.098	1341-23-7	439924	C03150	HMDB00855
X53239	O-desmethyltramadol	Xenobiotics	Drug - Analgesics, Anesthetics	53239	100006382	3045	250.180	73986-53-5	130829		HMDB60997
X52357	O-desmethyltramadol glucuronide	Xenobiotics	Drug - Analgesics, Anesthetics	52357	100006383	2741	426.212	383891-39-2			
X43334	O-desmethylvenlafaxine	Xenobiotics	Drug - Psychoactive	43334	100004173	660	264.196	300827-87-6	125017	D07793	HMDB60532
X45413	O-sulfo-L-tyrosine	Xenobiotics	Chemical	45413	100005384	990	260.023		514186		
X33936	octanoylcarnitine (C8)	Lipid	Fatty Acid Metabolism(Acyl Carnitine)	33936	100001247	950	288.217	3671-77-0	123701	C02838	HMDB00791
X38600	omeprazole	Xenobiotics	Drug - Gastrointestinal	38600	100002725	4673	344.107	73590-58-6	4594	C07324	HMDB01913
X1493	ornithine	Amino Acid	Urea cycle; Arginine and Proline Metabolism	1493	444	2800	133.097	3184-13-2	6262	C00077	HMDB03374
X1505	orotate	Nucleotide	Pyrimidine Metabolism, Orotate containing	1505	445	1638.1	155.010	50887-69-9	967	C00295	HMDB00226
X35172	orotidine	Nucleotide	Pyrimidine Metabolism, Orotate containing	35172	100001416	2250	287.052	314-50-1	92751		HMDB00788
X20694	oxalate (ethanedioate)	Cofactors and Vitamins	Ascorbate and Aldarate Metabolism	20694	100000841	603	88.988	144-62-7	971	C00209	HMDB02329
X41726	oxypurinol	Xenobiotics	Drug - Metabolic	41726	100002489	1656	151.026	2465-59-0	4644	D02365	HMDB00786
X36103	p-cresol sulfate	Xenobiotics	Benzoate Metabolism	36103	100001315	2890	187.007	3233-57-7	4615423		HMDB11635
X48841	p-cresol-glucuronide*	Amino Acid	Tyrosine Metabolism	48841	100006191	2420	283.082	17680-99-8	154035		HMDB11686
X52434	palmitoyl dihydrosphingomyelin (d18:0/16:0)*	Lipid	Sphingolipid Metabolism	52434	100008954	2290	705.591		9939965		
X37506	palmitoyl sphingomyelin (d18:1/16:0)	Lipid	Sphingolipid Metabolism	37506	100002107	2168	703.575	6254-89-3	9939941		
X38609	pantoprazole	Xenobiotics	Drug - Gastrointestinal	38609	100002808	4398	382.068	102625-70-7	4679	C11806	HMDB05017
X1508	pantothenate	Cofactors and Vitamins	Pantothenate and CoA Metabolism	1508	1024	1498.7	218.103	137-08-6	6613	C00864	HMDB00210
X18254	paraxanthine	Xenobiotics	Xanthine Metabolism	18254	100000453	1810	181.072	611-59-6	4687	C13747	HMDB01860
X32553	phenol sulfate	Amino Acid	Tyrosine Metabolism	32553	100001510	2156	172.991	937-34-8	74426	C02180	HMDB60015
X35126	phenylacetylglutamine	Peptide	Acetylated Peptides	35126	100001417	2330	263.104	28047-15-6	92258	C04148	HMDB06344
X64	phenylalanine	Amino Acid	Phenylalanine Metabolism	64	460	2878	166.086	63-91-2	6140	C00079	HMDB00159
X22130	phenyllactate (PLA)	Amino Acid	Phenylalanine Metabolism	22130	100000774	2208	165.056	828-01-3	3848	C05607	HMDB00779
X42109	phosphate	Energy	Oxidative Phosphorylation	42109	461	608	96.970	7664-38-2	1061	C00009	HMDB01429
X1444	pipecolate	Amino Acid	Lysine Metabolism	1444	1025	2200	130.086	4043-87-2	849	C00408	HMDB00070
X35127	pro-hydroxy-pro	Amino Acid	Urea cycle; Arginine and Proline Metabolism	35127	100001167	2128	229.118	18684-24-7	11673055		HMDB06695
X1898	proline	Amino Acid	Urea cycle; Arginine and Proline Metabolism	1898	480	1603	116.071	147-85-3	145742	C00148	HMDB00162
X32452	propionylcarnitine (C3)	Lipid	Fatty Acid Metabolism (also BCAA Metabolism)	32452	100001162	2590	218.139	17298-37-2	107738	C03017	HMDB00824
X39586	pseudoephedrine	Xenobiotics	Drug - Respiratory	39586	100002738	3041	166.123	90-82-4	7028	C02765	HMDB01943
X33442	pseudouridine	Nucleotide	Pyrimidine Metabolism, Uracil containing	33442	821	1929.3	243.062	1445-07-4	15047	C02067	HMDB00767
X1651	pyridoxal	Cofactors and Vitamins	Vitamin B6 Metabolism	1651	491	1534.9	166.051	65-22-5	1050	C00250	HMDB01545
X31555	pyridoxate	Cofactors and Vitamins	Vitamin B6 Metabolism	31555	100001121	2185	182.046	82-82-6	6723	C00847	HMDB00017
X46225	pyroglutamine*	Amino Acid	Glutamate Metabolism	46225	100001540	1900	129.066	2353-44-8	134508		
X22250	pyruvate	Carbohydrate	Glycolysis, Gluconeogenesis, and Pyruvate Metabolism	22250	823	2650	175.025	127-17-3	1060	C00022	HMDB00243
X18335	quinate	Xenobiotics	Food Component/Plant	18335	100000442	2432.9	191.056	77-95-2	6508	C00296	HMDB03072
X38595	ranitidine	Xenobiotics	Drug - Gastrointestinal	38595	100002735	3804	313.134	66357-59-3	3001055	D00422	HMDB01930
X15772	ribitol	Carbohydrate	Pentose Metabolism	15772	100000406	1789.6	151.061	488-81-3	6912	C00474	HMDB00508
X27731	ribonate	Carbohydrate	Pentose Metabolism	27731	100001007	2425	165.041	1255190	5460677	C01685	HMDB00867
X61858	ribulonate/xylulonate*	Carbohydrate	Pentose Metabolism	61858	100019968	2350	165.041				
X42370	S-1-pyrroline-5-carboxylate	Amino Acid	Glutamate Metabolism	42370	35	1528	114.055	2906-39-0	1196	C04322	HMDB01301
X43239	S-allylcysteine	Xenobiotics	Food Component/Plant	43239	100004509	2690	162.058	21593-77-1	98280		HMDB34323
X39592	S-methylcysteine	Amino Acid	Methionine, Cysteine, SAM and Taurine Metabolism	39592	100002749	880	134.028	1187-84-4	24417		HMDB02108
X1515	salicylate	Xenobiotics	Drug - Topical Agents	1515	501	802	137.024	69-72-7	338	C00805	HMDB01895
X1648	serine	Amino Acid	Glycine, Serine and Threonine Metabolism	1648	503	1239	106.050	56-45-1	5951	C00065	HMDB00187
X485	spermidine	Amino Acid	Polyamine Metabolism	485	50	3355	146.165	124-20-9	1102	C00315	HMDB01257
X42463	sphingomyelin (d18:1/14:0, d16:1/16:0)*	Lipid	Sphingolipid Metabolism	42463	100004328	1998	675.544		11433862		HMDB12097
X37529	sphingomyelin (d18:1/18:1, d18:2/18:0)	Lipid	Sphingolipid Metabolism	37529	100002106	2167	729.591	108392-10-5	6443882		HMDB12101
X48490	sphingomyelin (d18:1/20:0, d16:1/22:0)*	Lipid	Sphingolipid Metabolism	48490	100006290	2685	759.638				HMDB12102
X48491	sphingomyelin (d18:1/20:1, d18:2/20:0)*	Lipid	Sphingolipid Metabolism	48491	100006292	2383	757.622	222403-67-0			
X48493	sphingomyelin (d18:1/22:1, d18:2/22:0, d16:1/24:1)*	Lipid	Sphingolipid Metabolism	48493	100006295	2666	785.653				HMDB12104
X47153	sphingomyelin (d18:1/24:1, d18:2/24:0)*	Lipid	Sphingolipid Metabolism	47153	100005986	3033	813.684	94359-13-4			HMDB12107
X42459	sphingomyelin (d18:2/16:0, d18:1/16:1)*	Lipid	Sphingolipid Metabolism	42459	100004329	2002	701.559				
X52437	sphingomyelin (d18:2/24:1, d18:1/24:2)*	Lipid	Sphingolipid Metabolism	52437	100008957	2635	811.669				
X34384	stachydrine	Xenobiotics	Food Component/Plant	34384	100001296	1440	144.102	4136-37-2	115244	C10172	HMDB04827
X19503	stearoyl sphingomyelin (d18:1/18:0)	Lipid	Sphingolipid Metabolism	19503	1538	2400	731.606	85187-10-6;85187-10-6	6453725	C00550	HMDB01348
X41888	succinimide	Xenobiotics	Chemical	41888	100003696	1270	98.025	123-56-8	11439	C07273	
X37058	succinylcarnitine (C4-DC)	Energy	TCA Cycle	37058	100001948	2291	262.129	256928-74-2	71464481		HMDB61717
X1519	sucrose	Carbohydrate	Disaccharides and Oligosaccharides	1519	935	3092	387.114	57-50-1	5988	C00089	HMDB00258
X46960	sulfate*	Xenobiotics	Chemical	46960	100002528	616	96.960	14808-79-8	1118	C00059	HMDB01448
X15336	tartarate	Xenobiotics	Food Component/Plant	15336	100000295	615.3	149.009	87-69-4;6106-24-7	444305	C00898	HMDB00956
X20693	tartronate (hydroxymalonate)	Xenobiotics	Bacterial/Fungal	20693	100000840	610	118.999	80-69-3	45	C02287	HMDB35227
X2125	taurine	Amino Acid	Methionine, Cysteine, SAM and Taurine Metabolism	2125	512	2120	124.007	107-35-7	1123	C00245	HMDB00251
X22206	theanine	Xenobiotics	Food Component/Plant	22206	100000784	2180	175.108	3081-61-6	439378	C01047	HMDB34365
X18392	theobromine	Xenobiotics	Xanthine Metabolism	18392	100000445	1600	181.072	83-67-0	5429	C07480	HMDB02825
X18394	theophylline	Xenobiotics	Xanthine Metabolism	18394	100000437	2356.9	179.058	58-55-9	2153	C07130	HMDB01889
X53231	thioproline	Xenobiotics	Chemical	53231	100009232	1250	134.027	34592-47-4	93176		
X27738	threonate	Cofactors and Vitamins	Ascorbate and Aldarate Metabolism	27738	100001022	2384	135.030	70753-61-6	151152	C01620	HMDB00943
X1284	threonine	Amino Acid	Glycine, Serine and Threonine Metabolism	1284	564	1514	120.066	72-19-5	6288	C00188	HMDB00167
X36095	thymol sulfate	Xenobiotics	Food Component/Plant	36095	100001757	4410	229.054	89-83-8		C09908	HMDB01878
X2772	topiramate	Xenobiotics	Drug - Neurological	2772	1388	4021	338.092	97240-79-4	5284627	C07502	HMDB05034
X32306	trans-4-hydroxyproline	Amino Acid	Urea cycle; Arginine and Proline Metabolism	32306	1001	1064	132.066	51-35-4	5810	C01157	HMDB00725
X57691	trazadone	Xenobiotics	Drug - Psychoactive	57691	100015783	837	372.159	19794-93-5	5533	C07156,D08626	HMDB14794
X32401	trigonelline (N'-methylnicotinate)	Cofactors and Vitamins	Nicotinate and Nicotinamide Metabolism	32401	100001092	1388	138.055	535-83-1	5570	C01004	HMDB00875
X40406	trimethylamine N-oxide	Lipid	Phospholipid Metabolism	40406	100003397	2100	76.076	1184-78-7	1145	C01104	HMDB00925
X54	tryptophan	Amino Acid	Tryptophan Metabolism	54	565	2986	205.097	73-22-3	6305	C00078	HMDB00929
X37097	tryptophan betaine	Amino Acid	Tryptophan Metabolism	37097	100001743	2673	247.144	20671-76-5	442106	C09213	HMDB61115
X48408	tyramine O-sulfate	Amino Acid	Tyrosine Metabolism	48408	100006092	1565	216.034	30223-92-8	153005		HMDB06409
X1299	tyrosine	Amino Acid	Tyrosine Metabolism	1299	815	2430	182.081	60-18-4	6057	C00082	HMDB00158
X605	uracil	Nucleotide	Pyrimidine Metabolism, Uracil containing	605	825	827	113.035	66-22-8	1174	C00106	HMDB00300
X1604	urate	Nucleotide	Purine Metabolism, (Hypo)Xanthine/Inosine containing	1604	1134	757.1	167.021	69-93-2;120K5305	1175	C00366	HMDB00289
X1670	urea	Amino Acid	Urea cycle; Arginine and Proline Metabolism	1670	533	700	121.072	57-13-6	1176	C00086	HMDB00294
X606	uridine	Nucleotide	Pyrimidine Metabolism, Uracil containing	606	535	1457.6	243.062	58-96-8	6029	C00299	HMDB00296
X1649	valine	Amino Acid	Leucine, Isoleucine and Valine Metabolism	1649	566	909.4	116.072	72-18-4	6287	C00183	HMDB00883
X38623	venlafaxine	Xenobiotics	Drug - Psychoactive	38623	100002807	848	278.212	93413-69-5	5656	C07187	HMDB05016
X3147	xanthine	Nucleotide	Purine Metabolism, (Hypo)Xanthine/Inosine containing	3147	1004	2023	151.026	69-89-6	1188	C00385	HMDB00292
X15136	xanthosine	Nucleotide	Purine Metabolism, (Hypo)Xanthine/Inosine containing	15136	100000299	1075	283.068	146-80-5	64959	C01762	HMDB00299
X47581	X - 10457			47581		2370	261.144				
X32578	X - 11261			32578		870	286.201				
X46602	X - 11478			46602		4285	165.092				
X46260	2,3-dihydroxy-5-methylthio-4-pentenoate (DMTPA)*	Amino Acid	Methionine, Cysteine, SAM and Taurine Metabolism	62805	100020893	1157.1	178.030				
X47431	X - 11612			47431		1633	283.069				
X33132	X - 11787			33132		2319	148.097				
X33140	X - 11795			33140		2590	148.097				
X46982	3-(methylthio)acetaminophen sulfate*	Xenobiotics	Drug - Analgesics, Anesthetics	62567	100020827	2285	277.008				
X46610	X - 12007			46610		1357	222.992				
X47390	X - 12015			47390		1296	216.088				
X47687	X - 12100			47687		2650	221.092				
X47642	X - 12101			47642		2700	164.074				
X52597	X - 12104			52597		1763	269.077				
X47702	X - 12127			47702		2160	226.082				
X46612	ascorbic acid 3-sulfate*	Cofactors and Vitamins	Ascorbate and Aldarate Metabolism	63687	100020409	622	255.989				
X46616	X - 12411			46616		1037	195.034				
X46633	X - 12844			46633		4185	539.249				
X47955	X - 12906			47955		793	158.046				
X46643	1-carboxyethylvaline	Amino Acid	Leucine, Isoleucine and Valine Metabolism	62562	100020423	2011	189.100				
X46645	X - 13728			46645		1589	197.068				
X47441	(S)-a-amino-omega-caprolactam	Xenobiotics	Food Component/Plant	63339	100021329	2332	128.095			C05328	
X46632	X - 14056			46632		810	192.033				
X47787	1-methyl-5-imidazoleacetate	Amino Acid	Histidine Metabolism	62946	100002910	2000	140.059				HMDB04988
X46661	X - 15245			46661		568	233.030				
X46473	1-carboxyethylphenylalanine	Amino Acid	Phenylalanine Metabolism	62566	100020419	2843	237.100				
X46665	X - 15674			46665		1362	187.025				
X40097	N,N,N-trimethyl-alanylproline betaine (TMAP)	Amino Acid	Urea cycle; Arginine and Proline Metabolism	62947	100020217	2344	228.147				
X47301	X - 18887			47301		2229	328.152				
X46261	X - 19438			46261		1209	217.072				
X46295	X - 21286			46295		1550	164.036				
X46898	butyrate (4:0)	Lipid	Short Chain Fatty Acid	40605	1143	1024	88.052			C00246	HMDB00039
X46902	X - 21733			46902		2716	248.057				
X46961	2-O-methylascorbic acid			63990		765	189.041				
X47417	X - 22162			47417		960	150.058				
X48080	4-chlorobenzoic acid			63988		2980	154.991				
X49008	X - 23308			49008		1463.9	191.097				
X49014	ethyl beta-glucopyranoside			64131		1578.3	207.087				
X49463	X - 23587			49463		1230	132.102				
X49466	X - 23590			49466		1466	204.086				
X49469	X - 23593			49469		1531	191.102				
X49515	X - 23639			49515		1640	134.081				
X49521	X - 23644			49521		983	146.081				
X49529	X - 23652			49529		1991	171.076				
X49637	X - 23739			49637		1286	262.103				
X52265	X - 24228			52265		643	560.181				
X52483	X - 24295			52483		1152	217.071				
X52525	3-(3-amino-3-carboxypropyl)uridine*	Nucleotide	Pyrimidine Metabolism, Uracil containing	62924	100001426	1391	345.117				
X52533	X - 24337			52533		1980	239.079				
X52640	X - 24411			52640		1171	116.071				
X52661	X - 24431			52661		566	210.061				
X52769	X - 24452			52769		2756	205.155				
X53114	X - 24686			53114		1876	224.113				
X53127	X - 24699			53127		2402.3	241.154				
X54704	3-amino-2-piperidone	Amino Acid	Urea cycle; Arginine and Proline Metabolism	62853	100020361	2068.7	114.079				HMDB00323
X54841	X - 24813			54841		1285.7	202.048				
X57719	X - 24952			57719		5310	413.197				
X61682	X - 25109			61682		1115	194.048				
X62249	N6-methyllysine	Amino Acid	Lysine Metabolism	62860	100003415	2836	160.121			C02728	HMDB02038
