inclusion	directory	name	phenotype	sex	file	suffix	bgzip	gzip	fill_observations	observations	fill_case_control	cases	controls	script
1	34822396_pott_2021	34822396_pott_2021_progesterone_all	progesterone	all	SummaryStatistics_Progesterone_combined_211103.txt	.txt	0	1	0	NA	0	NA	NA	translate_gwas_34822396_pott_2021.sh
1	34822396_pott_2021	34822396_pott_2021_progesterone_female	progesterone	female	SummaryStatistics_Progesterone_females_211103.txt	.txt	0	1	0	NA	0	NA	NA	translate_gwas_34822396_pott_2021.sh
1	34822396_pott_2021	34822396_pott_2021_progesterone_male	progesterone	male	SummaryStatistics_Progesterone_males_211103.txt	.txt	0	1	0	NA	0	NA	NA	translate_gwas_34822396_pott_2021.sh
1	34822396_pott_2021	34822396_pott_2021_hydroxyprogesterone_all	hydroxyprogesterone	all	SummaryStatistics_17-OH-Progesterone_combined_211103.txt	.txt	0	1	0	NA	0	NA	NA	translate_gwas_34822396_pott_2021.sh
1	34822396_pott_2021	34822396_pott_2021_hydroxyprogesterone_female	hydroxyprogesterone	female	SummaryStatistics_17-OH-Progesterone_females_211103.txt	.txt	0	1	0	NA	0	NA	NA	translate_gwas_34822396_pott_2021.sh
1	34822396_pott_2021	34822396_pott_2021_hydroxyprogesterone_male	hydroxyprogesterone	male	SummaryStatistics_17-OH-Progesterone_males_211103.txt	.txt	0	1	0	NA	0	NA	NA	translate_gwas_34822396_pott_2021.sh
1	34822396_pott_2021	34822396_pott_2021_aldosterone_all	aldosterone	all	SummaryStatistics_Aldosterone_combined_211103.txt	.txt	0	1	0	NA	0	NA	NA	translate_gwas_34822396_pott_2021.sh
1	34822396_pott_2021	34822396_pott_2021_aldosterone_female	aldosterone	female	SummaryStatistics_Aldosterone_females_211103.txt	.txt	0	1	0	NA	0	NA	NA	translate_gwas_34822396_pott_2021.sh
1	34822396_pott_2021	34822396_pott_2021_aldosterone_male	aldosterone	male	SummaryStatistics_Aldosterone_males_211103.txt	.txt	0	1	0	NA	0	NA	NA	translate_gwas_34822396_pott_2021.sh
1	34822396_pott_2021	34822396_pott_2021_androstenedione_all	androstenedione	all	SummaryStatistics_Androstenedione_combined_211103.txt	.txt	0	1	0	NA	0	NA	NA	translate_gwas_34822396_pott_2021.sh
1	34822396_pott_2021	34822396_pott_2021_androstenedione_female	androstenedione	female	SummaryStatistics_Androstenedione_females_211103.txt	.txt	0	1	0	NA	0	NA	NA	translate_gwas_34822396_pott_2021.sh
1	34822396_pott_2021	34822396_pott_2021_androstenedione_male	androstenedione	male	SummaryStatistics_Androstenedione_males_211103.txt	.txt	0	1	0	NA	0	NA	NA	translate_gwas_34822396_pott_2021.sh
1	34822396_pott_2021	34822396_pott_2021_testosterone_estradiol_all	testosterone_estradiol	all	SummaryStatistics_Testosterone_Estradiol_Ratio_combined_211103.txt	.txt	0	1	0	NA	0	NA	NA	translate_gwas_34822396_pott_2021.sh
1	34822396_pott_2021	34822396_pott_2021_testosterone_estradiol_female	testosterone_estradiol	female	SummaryStatistics_Testosterone_Estradiol_Ratio_females_211103.txt	.txt	0	1	0	NA	0	NA	NA	translate_gwas_34822396_pott_2021.sh
1	34822396_pott_2021	34822396_pott_2021_testosterone_estradiol_male	testosterone_estradiol	male	SummaryStatistics_Testosterone_Estradiol_Ratio_males_211103.txt	.txt	0	1	0	NA	0	NA	NA	translate_gwas_34822396_pott_2021.sh
1	34255042_schmitz_2021	34255042_schmitz_2021_estradiol_female	estradiol_female	female	gwas_females.tsv.gz	.tsv.gz	0	0	0	NA	1	37461	126524	translate_gwas_34255042_schmitz_2021.sh
1	34255042_schmitz_2021	34255042_schmitz_2021_estradiol_male	estradiol_male	male	gwas_males.tsv.gz	.tsv.gz	0	0	0	NA	1	13367	134323	translate_gwas_34255042_schmitz_2021.sh
1	32769997_zhou_2020	32769997_zhou_2020_tsh	thyroid_stimulating_hormone	all	2020_Zhou_et_al_TSH_meta_HUNT-MGI-ThyroidOmics.txt	.txt	0	1	0	NA	0	NA	NA	translate_gwas_32769997_zhou_2020.sh
1	32042192_ruth_2020	32042192_ruth_2020_testosterone_female	testosterone_female	female	GCST90012112_buildGRCh37.tsv.gz	.tsv.gz	0	0	1	230454	0	NA	NA	translate_gwas_32042192_ruth_2020.sh
1	32042192_ruth_2020	32042192_ruth_2020_testosterone_male	testosterone_male	male	GCST90012113_buildGRCh37.tsv.gz	.tsv.gz	0	0	1	194453	0	NA	NA	translate_gwas_32042192_ruth_2020.sh
1	32042192_ruth_2020	32042192_ruth_2020_testosterone_bioavailable_female	testosterone_bioavailable_female	female	GCST90012102_buildGRCh37.tsv.gz	.tsv.gz	0	0	1	188507	0	NA	NA	translate_gwas_32042192_ruth_2020.sh
1	32042192_ruth_2020	32042192_ruth_2020_testosterone_bioavailable_male	testosterone_bioavailable_male	male	GCST90012103_buildGRCh37.tsv.gz	.tsv.gz	0	0	1	178782	0	NA	NA	translate_gwas_32042192_ruth_2020.sh
1	32042192_ruth_2020	32042192_ruth_2020_estradiol_male	estradiol_male	male	GCST90012105_buildGRCh37.tsv.gz	.tsv.gz	0	0	1	206927	0	NA	NA	translate_gwas_32042192_ruth_2020.sh
1	32042192_ruth_2020	32042192_ruth_2020_shbg_all	shbg_all	all	GCST90012111_buildGRCh37.tsv.gz	.tsv.gz	0	0	1	370125	0	NA	NA	translate_gwas_32042192_ruth_2020.sh
1	32042192_ruth_2020	32042192_ruth_2020_shbg_female	shbg_female	female	GCST90012107_buildGRCh37.tsv.gz	.tsv.gz	0	0	1	189473	0	NA	NA	translate_gwas_32042192_ruth_2020.sh
1	32042192_ruth_2020	32042192_ruth_2020_shbg_male	shbg_male	male	GCST90012109_buildGRCh37.tsv.gz	.tsv.gz	0	0	1	180726	0	NA	NA	translate_gwas_32042192_ruth_2020.sh
1	32042192_ruth_2020	32042192_ruth_2020_shbg_bmi_all	shbg_bmi_all	all	GCST90012110_buildGRCh37.tsv.gz	.tsv.gz	0	0	1	368929	0	NA	NA	translate_gwas_32042192_ruth_2020.sh
1	32042192_ruth_2020	32042192_ruth_2020_shbg_bmi_female	shbg_bmi_female	female	GCST90012106_buildGRCh37.tsv.gz	.tsv.gz	0	0	1	188908	0	NA	NA	translate_gwas_32042192_ruth_2020.sh
1	32042192_ruth_2020	32042192_ruth_2020_shbg_bmi_male	shbg_bmi_male	male	GCST90012108_buildGRCh37.tsv.gz	.tsv.gz	0	0	1	180094	0	NA	NA	translate_gwas_32042192_ruth_2020.sh
0	31169883_pott_2019	31169883_pott_2019_progesterone_all	progesterone	all	SummaryStatistics_PROG_ALL_GWAS_191025.txt	.txt	0	1	0	NA	0	NA	NA	translate_gwas_31169883_pott_2019.sh
0	31169883_pott_2019	31169883_pott_2019_progesterone_female	progesterone	female	SummaryStatistics_PROG_WOMEN_META_191025.txt	.txt	0	1	0	NA	0	NA	NA	translate_gwas_31169883_pott_2019.sh
0	31169883_pott_2019	31169883_pott_2019_progesterone_male	progesterone	male	SummaryStatistics_PROG_MEN_GWAS_191025.txt	.txt	0	1	0	NA	0	NA	NA	translate_gwas_31169883_pott_2019.sh
0	31169883_pott_2019	31169883_pott_2019_hydroxyprogesterone_all	hydroxyprogesterone	all	SummaryStatistics_OHP17_ALL_GWAS_191025.txt	.txt	0	1	0	NA	0	NA	NA	translate_gwas_31169883_pott_2019.sh
0	31169883_pott_2019	31169883_pott_2019_hydroxyprogesterone_female	hydroxyprogesterone	female	SummaryStatistics_OHP17_WOMEN_GWAS_191025.txt	.txt	0	1	0	NA	0	NA	NA	translate_gwas_31169883_pott_2019.sh
0	31169883_pott_2019	31169883_pott_2019_hydroxyprogesterone_male	hydroxyprogesterone	male	SummaryStatistics_OHP17_MEN_GWAS_191025.txt	.txt	0	1	0	NA	0	NA	NA	translate_gwas_31169883_pott_2019.sh
0	31169883_pott_2019	31169883_pott_2019_aldosterone_all	aldosterone	all	SummaryStatistics_ALDO_ALL_GWAS_191025.txt	.txt	0	1	0	NA	0	NA	NA	translate_gwas_31169883_pott_2019.sh
0	31169883_pott_2019	31169883_pott_2019_aldosterone_female	aldosterone	female	SummaryStatistics_ALDO_WOMEN_GWAS_191025.txt	.txt	0	1	0	NA	0	NA	NA	translate_gwas_31169883_pott_2019.sh
0	31169883_pott_2019	31169883_pott_2019_aldosterone_male	aldosterone	male	SummaryStatistics_ALDO_MEN_GWAS_191025.txt	.txt	0	1	0	NA	0	NA	NA	translate_gwas_31169883_pott_2019.sh
0	31169883_pott_2019	31169883_pott_2019_cortisol_all	cortisol	all	SummaryStatistics_CORT_ALL_META_191025.txt	.txt	0	1	0	NA	0	NA	NA	translate_gwas_31169883_pott_2019.sh
0	31169883_pott_2019	31169883_pott_2019_cortisol_female	cortisol	female	SummaryStatistics_CORT_WOMEN_META_191025.txt	.txt	0	1	0	NA	0	NA	NA	translate_gwas_31169883_pott_2019.sh
0	31169883_pott_2019	31169883_pott_2019_cortisol_male	cortisol	male	SummaryStatistics_CORT_MEN_META_191025.txt	.txt	0	1	0	NA	0	NA	NA	translate_gwas_31169883_pott_2019.sh
0	31169883_pott_2019	31169883_pott_2019_dheas_all	dehydroepiandrosterone_sulfate	all	SummaryStatistics_DHEAS_ALL_META_191025.txt	.txt	0	1	0	NA	0	NA	NA	translate_gwas_31169883_pott_2019.sh
0	31169883_pott_2019	31169883_pott_2019_dheas_female	dehydroepiandrosterone_sulfate	female	SummaryStatistics_DHEAS_WOMEN_META_191025.txt	.txt	0	1	0	NA	0	NA	NA	translate_gwas_31169883_pott_2019.sh
0	31169883_pott_2019	31169883_pott_2019_dheas_male	dehydroepiandrosterone_sulfate	male	SummaryStatistics_DHEAS_MEN_META_191025.txt	.txt	0	1	0	NA	0	NA	NA	translate_gwas_31169883_pott_2019.sh
0	31169883_pott_2019	31169883_pott_2019_androstenedione_all	androstenedione	all	SummaryStatistics_ANDRO_ALL_GWAS_191025.txt	.txt	0	1	0	NA	0	NA	NA	translate_gwas_31169883_pott_2019.sh
0	31169883_pott_2019	31169883_pott_2019_androstenedione_female	androstenedione	female	SummaryStatistics_ANDRO_WOMEN_GWAS_191025.txt	.txt	0	1	0	NA	0	NA	NA	translate_gwas_31169883_pott_2019.sh
0	31169883_pott_2019	31169883_pott_2019_androstenedione_male	androstenedione	male	SummaryStatistics_ANDRO_MEN_GWAS_191025.txt	.txt	0	1	0	NA	0	NA	NA	translate_gwas_31169883_pott_2019.sh
0	31169883_pott_2019	31169883_pott_2019_testosterone_all	testosterone	all	SummaryStatistics_TESTO_ALL_META_191025.txt	.txt	0	1	0	NA	0	NA	NA	translate_gwas_31169883_pott_2019.sh
0	31169883_pott_2019	31169883_pott_2019_testosterone_female	testosterone	female	SummaryStatistics_TESTO_WOMEN_META_191025.txt	.txt	0	1	0	NA	0	NA	NA	translate_gwas_31169883_pott_2019.sh
0	31169883_pott_2019	31169883_pott_2019_testosterone_male	testosterone	male	SummaryStatistics_TESTO_MEN_META_191025.txt	.txt	0	1	0	NA	0	NA	NA	translate_gwas_31169883_pott_2019.sh
0	31169883_pott_2019	31169883_pott_2019_estradiol_all	estradiol	all	SummaryStatistics_E2_ALL_META_191025.txt	.txt	0	1	0	NA	0	NA	NA	translate_gwas_31169883_pott_2019.sh
0	31169883_pott_2019	31169883_pott_2019_estradiol_female	estradiol	female	SummaryStatistics_E2_WOMEN_META_191025.txt	.txt	0	1	0	NA	0	NA	NA	translate_gwas_31169883_pott_2019.sh
0	31169883_pott_2019	31169883_pott_2019_estradiol_male	estradiol	male	SummaryStatistics_E2_MEN_META_191025.txt	.txt	0	1	0	NA	0	NA	NA	translate_gwas_31169883_pott_2019.sh
1	30367059_teumer_2018	30367059_teumer_2018_tsh_all	thyroid_stimulating_hormone	all	formatted_invnormTSH_overall_150611_invvar1.txt-QCfiltered_GC.txt.gz	.txt.gz	0	0	0	NA	0	NA	NA	translate_gwas_30367059_teumer_2018.sh
1	30367059_teumer_2018	30367059_teumer_2018_tsh_female	thyroid_stimulating_hormone	female	formatted_invnormTSH_women_150611_invvar1.txt-QCfiltered_GC.txt.gz	.txt.gz	0	0	0	NA	0	NA	NA	translate_gwas_30367059_teumer_2018.sh
1	30367059_teumer_2018	30367059_teumer_2018_tsh_male	thyroid_stimulating_hormone	male	formatted_invnormTSH_men_150611_invvar1.txt-QCfiltered_GC.txt.gz	.txt.gz	0	0	0	NA	0	NA	NA	translate_gwas_30367059_teumer_2018.sh
1	30367059_teumer_2018	30367059_teumer_2018_ft4_all	free_thyroxine_ft4	all	formatted_invnormFT4_overall_150611_invvar1.txt-QCfiltered_GC.txt.gz	.txt.gz	0	0	0	NA	0	NA	NA	translate_gwas_30367059_teumer_2018.sh
1	30367059_teumer_2018	30367059_teumer_2018_ft4_female	free_thyroxine_ft4	female	formatted_invnormFT4_women_150611_invvar1.txt-QCfiltered_GC.txt.gz	.txt.gz	0	0	0	NA	0	NA	NA	translate_gwas_30367059_teumer_2018.sh
1	30367059_teumer_2018	30367059_teumer_2018_ft4_male	free_thyroxine_ft4	male	formatted_invnormFT4_men_150611_invvar1.txt-QCfiltered_GC.txt.gz	.txt.gz	0	0	0	NA	0	NA	NA	translate_gwas_30367059_teumer_2018.sh
1	30367059_teumer_2018	30367059_teumer_2018_hyperthyroidism	hyperthyroidism	all	formatted_decTSH_overall_150602_invvar1.txt-QCfiltered_GC.txt.gz	.txt.gz	0	0	0	NA	1	1840	49983	translate_gwas_30367059_teumer_2018.sh
1	30367059_teumer_2018	30367059_teumer_2018_hypothyroidism	hypothyroidism	all	formatted_incTSH_overall_150602_invvar1.txt-QCfiltered_GC.txt.gz	.txt.gz	0	0	0	NA	1	3340	49983	translate_gwas_30367059_teumer_2018.sh
0	00000000_neale_2020	00000000_neale_2020_igf1	insulin_like_growth_factor_1	all	biomarkers-30770-both_sexes-irnt.tsv.bgz	.tsv.bgz	1	1	1	418326	0	NA	NA	translate_gwas_00000000_neale_2020.sh
0	00000000_neale_2020	00000000_neale_2020_cholesterol	cholesterol	all	biomarkers-30690-both_sexes-irnt.tsv.bgz	.tsv.bgz	1	1	1	420607	0	NA	NA	translate_gwas_00000000_neale_2020.sh
0	00000000_neale_2020	00000000_neale_2020_cholesterol_hdl	cholesterol_hdl	all	biomarkers-30760-both_sexes-irnt.tsv.bgz	.tsv.bgz	1	1	1	385023	0	NA	NA	translate_gwas_00000000_neale_2020.sh
0	00000000_neale_2020	00000000_neale_2020_cholesterol_ldl	cholesterol_ldl	all	biomarkers-30780-both_sexes-irnt.tsv.bgz	.tsv.bgz	1	1	1	419831	0	NA	NA	translate_gwas_00000000_neale_2020.sh
0	00000000_neale_2020	00000000_neale_2020_vitamin_d	vitamin_d	all	biomarkers-30890-both_sexes-irnt.tsv.bgz	.tsv.bgz	1	1	1	401516	0	NA	NA	translate_gwas_00000000_neale_2020.sh
0	00000000_neale_2020	00000000_neale_2020_testosterone	testosterone	all	biomarkers-30850-both_sexes-irnt.tsv.bgz	.tsv.bgz	1	1	1	381081	0	NA	NA	translate_gwas_00000000_neale_2020.sh
0	00000000_neale_2020	00000000_neale_2020_estradiol	estradiol	all	biomarkers-30800-both_sexes-irnt.tsv.bgz	.tsv.bgz	1	1	1	67623	0	NA	NA	translate_gwas_00000000_neale_2020.sh
0	00000000_neale_2020	00000000_neale_2020_shbg	shbg	all	biomarkers-30830-both_sexes-irnt.tsv.bgz	.tsv.bgz	1	1	1	381526	0	NA	NA	translate_gwas_00000000_neale_2020.sh
0	00000000_neale_2020	00000000_neale_2020_albumin	albumin	all	biomarkers-30600-both_sexes-irnt.tsv.bgz	.tsv.bgz	1	1	1	385205	0	NA	NA	translate_gwas_00000000_neale_2020.sh
0	00000000_neale_2020	00000000_neale_2020_c_reactive_protein	c_reactive_protein	all	biomarkers-30710-both_sexes-irnt.tsv.bgz	.tsv.bgz	1	1	1	419693	0	NA	NA	translate_gwas_00000000_neale_2020.sh
0	00000000_neale_2020	00000000_neale_2020_rheumatoid_factor	rheumatoid_factor	all	biomarkers-30820-both_sexes-irnt.tsv.bgz	.tsv.bgz	1	1	1	37017	0	NA	NA	translate_gwas_00000000_neale_2020.sh
0	00000000_neale_2020	00000000_neale_2020_hba1c	hba1c	all	biomarkers-30750-both_sexes-irnt.tsv.bgz	.tsv.bgz	1	1	1	419434	0	NA	NA	translate_gwas_00000000_neale_2020.sh
